{"schemaVersion":"1.0","appDefinitionTemplate":{"id":"/providers/Microsoft.PowerApps/apps/","type":"Microsoft.PowerApps/apps","tags":{"primaryDeviceWidth":"1366","primaryDeviceHeight":"768","supportsPortrait":"true","supportsLandscape":"true","primaryFormFactor":"Tablet","publisherVersion":"3.24102.17","minimumRequiredApiVersion":"2.2.0","hasComponent":"false","hasUnlockedComponent":"false","isUnifiedRootApp":"false","sienaVersion":"20241102T130112Z-3.24102.17.0","showStatusBar":"false"},"properties":{"appVersion":"2024-11-02T13:01:12Z","lifeCycleId":"Published","createdByClientVersion":{"major":3,"minor":24102,"build":17,"revision":0,"majorRevision":0,"minorRevision":0},"minClientVersion":{"major":3,"minor":24102,"build":17,"revision":0,"majorRevision":0,"minorRevision":0},"backgroundColor":"rgba(255, 255, 255, 1)","backgroundImageUri":"/18303230863144995449/Nd4d43a8b-eded-4626-b614-4e16e5752809-logoSmallFile","displayName":"Holiday Calendar EN","description":"","commitMessage":"","appUris":{"documentUri":{"value":"/18303230863144995449/Na4eb6a1b-1ddf-4e15-a843-2e33b2b49feb-document.msapp"},"imageUris":[],"additionalUris":[{"isSolutionAware":false,"value":"/18303230863144995449/Nc2478a5c-aba3-4e40-8a34-dd6721e1aff9-identity.json"}]},"createdTime":"0001-01-01T00:00:00Z","lastModifiedTime":"0001-01-01T00:00:00Z","sharedGroupsCount":0,"sharedUsersCount":0,"connectionReferences":{},"databaseReferences":{},"almMode":"Environment","performanceOptimizationEnabled":true,"canConsumeAppPass":true,"enableModernRuntimeMode":false,"executionRestrictions":{"isTeamsOnly":false,"dataLossPreventionEvaluationResult":{"status":"Compliant","lastEvaluationDate":"2022-10-02T18:40:37.4180202Z","violations":[],"violationsByPolicy":[],"violationErrorMessage":"The app uses the following connectors: shared_rss."}}},"appType":"ClassicCanvasApp","appComponents":[]}}