{"schemaVersion":"1.0","appDefinitionTemplate":{"id":"/providers/Microsoft.PowerApps/apps/","type":"Microsoft.PowerApps/apps","tags":{"primaryDeviceWidth":"1366","primaryDeviceHeight":"768","supportsPortrait":"true","supportsLandscape":"true","primaryFormFactor":"Tablet","publisherVersion":"3.24102.17","minimumRequiredApiVersion":"2.2.0","hasComponent":"false","hasUnlockedComponent":"false","isUnifiedRootApp":"false","sienaVersion":"20241102T131750Z-3.24102.17.0","showStatusBar":"false"},"properties":{"appVersion":"2024-11-02T13:17:50Z","lifeCycleId":"Published","createdByClientVersion":{"major":3,"minor":24102,"build":17,"revision":0,"majorRevision":0,"minorRevision":0},"minClientVersion":{"major":3,"minor":24102,"build":17,"revision":0,"majorRevision":0,"minorRevision":0},"backgroundColor":"rgba(255, 255, 255, 1)","backgroundImageUri":"/1304679300239394050/N9c381785-cddd-4139-b1b2-235daa4cd992-logoSmallFile","displayName":"Holiday Calendar DE","description":"","commitMessage":"","appUris":{"documentUri":{"value":"/1304679300239394050/Nb3912188-d7d3-4d50-aa79-6328a175a33c-document.msapp"},"imageUris":[],"additionalUris":[{"isSolutionAware":false,"value":"/1304679300239394050/N766e4b96-dc12-4ac0-85aa-fcc35a430cb9-identity.json"}]},"createdTime":"0001-01-01T00:00:00Z","lastModifiedTime":"0001-01-01T00:00:00Z","sharedGroupsCount":0,"sharedUsersCount":0,"connectionReferences":{},"databaseReferences":{},"almMode":"Environment","performanceOptimizationEnabled":true,"canConsumeAppPass":true,"enableModernRuntimeMode":false,"executionRestrictions":{"isTeamsOnly":false,"dataLossPreventionEvaluationResult":{"status":"Compliant","lastEvaluationDate":"2022-10-02T18:40:37.4180202Z","violations":[],"violationsByPolicy":[],"violationErrorMessage":"The app uses the following connectors: shared_rss."}}},"appType":"ClassicCanvasApp","appComponents":[]}}