{"schemaVersion":"1.0","appDefinitionTemplate":{"id":"/providers/Microsoft.PowerApps/apps/","type":"Microsoft.PowerApps/apps","tags":{"primaryDeviceWidth":"1366","primaryDeviceHeight":"768","supportsPortrait":"true","supportsLandscape":"true","primaryFormFactor":"Tablet","publisherVersion":"3.24102.17","minimumRequiredApiVersion":"2.2.0","hasComponent":"false","hasUnlockedComponent":"false","isUnifiedRootApp":"false","sienaVersion":"20241102T133007Z-3.24102.17.0","showStatusBar":"false"},"properties":{"appVersion":"2024-11-02T13:30:07Z","lifeCycleId":"Published","createdByClientVersion":{"major":3,"minor":24102,"build":17,"revision":0,"majorRevision":0,"minorRevision":0},"minClientVersion":{"major":3,"minor":24102,"build":17,"revision":0,"majorRevision":0,"minorRevision":0},"backgroundColor":"rgba(255, 255, 255, 1)","backgroundImageUri":"/10818265700331523684/N77cfd628-a568-4b6c-999f-a784850648a1-logoSmallFile","displayName":"Holiday Calendar PT","description":"","commitMessage":"","appUris":{"documentUri":{"value":"/10818265700331523684/N501126eb-c079-4efb-8746-4743b12e8ba8-document.msapp"},"imageUris":[],"additionalUris":[{"isSolutionAware":false,"value":"/10818265700331523684/Nda24a393-b7aa-4a1e-9f72-aaaf920f82bc-identity.json"}]},"createdTime":"0001-01-01T00:00:00Z","lastModifiedTime":"0001-01-01T00:00:00Z","sharedGroupsCount":0,"sharedUsersCount":0,"connectionReferences":{},"databaseReferences":{},"almMode":"Environment","performanceOptimizationEnabled":true,"canConsumeAppPass":true,"enableModernRuntimeMode":false,"executionRestrictions":{"isTeamsOnly":false,"dataLossPreventionEvaluationResult":{"status":"Compliant","lastEvaluationDate":"2022-10-02T18:40:37.4180202Z","violations":[],"violationsByPolicy":[],"violationErrorMessage":"The app uses the following connectors: shared_rss."}}},"appType":"ClassicCanvasApp","appComponents":[]}}