{"schemaVersion":"1.0","appDefinitionTemplate":{"id":"/providers/Microsoft.PowerApps/apps/","type":"Microsoft.PowerApps/apps","tags":{"primaryDeviceWidth":"1366","primaryDeviceHeight":"768","supportsPortrait":"true","supportsLandscape":"true","primaryFormFactor":"Tablet","publisherVersion":"3.24102.11","minimumRequiredApiVersion":"2.2.0","hasComponent":"false","hasUnlockedComponent":"false","isUnifiedRootApp":"false","sienaVersion":"20241020T175640Z-3.24102.11.0","showStatusBar":"false"},"properties":{"appVersion":"2024-10-20T17:56:40Z","lifeCycleId":"Published","createdByClientVersion":{"major":3,"minor":24102,"build":11,"revision":0,"majorRevision":0,"minorRevision":0},"minClientVersion":{"major":3,"minor":24102,"build":11,"revision":0,"majorRevision":0,"minorRevision":0},"backgroundColor":"rgba(255, 255, 255, 1)","backgroundImageUri":"/18435388916572660802/Na978a44a-c838-48c5-b103-8bacb5a9e76d-logoSmallFile","displayName":"Holiday Calendar","description":"","commitMessage":"","appUris":{"documentUri":{"value":"/18435388916572660802/N840f6e96-aeaa-4f94-a3c5-33c45a4297c1-document.msapp"},"imageUris":[],"additionalUris":[{"isSolutionAware":false,"value":"/18435388916572660802/N41541547-2035-4097-91a7-95559cf92b0e-identity.json"}]},"createdTime":"0001-01-01T00:00:00Z","lastModifiedTime":"0001-01-01T00:00:00Z","sharedGroupsCount":0,"sharedUsersCount":0,"connectionReferences":{},"databaseReferences":{},"almMode":"Environment","performanceOptimizationEnabled":true,"canConsumeAppPass":true,"enableModernRuntimeMode":false,"executionRestrictions":{"isTeamsOnly":false,"dataLossPreventionEvaluationResult":{"status":"Compliant","lastEvaluationDate":"2022-10-02T18:40:37.4180202Z","violations":[],"violationsByPolicy":[],"violationErrorMessage":"The app uses the following connectors: shared_rss."}}},"appType":"ClassicCanvasApp","appComponents":[]}}