{"schemaVersion":"1.0","appDefinitionTemplate":{"id":"/providers/Microsoft.PowerApps/apps/","type":"Microsoft.PowerApps/apps","tags":{"primaryDeviceWidth":"1366","primaryDeviceHeight":"768","supportsPortrait":"true","supportsLandscape":"true","primaryFormFactor":"Tablet","publisherVersion":"3.24102.11","minimumRequiredApiVersion":"2.2.0","hasComponent":"false","hasUnlockedComponent":"false","isUnifiedRootApp":"false","sienaVersion":"20241020T173649Z-3.24102.11.0","showStatusBar":"false"},"properties":{"appVersion":"2024-10-20T17:55:27Z","lifeCycleId":"Published","createdByClientVersion":{"major":3,"minor":24102,"build":11,"revision":0,"majorRevision":0,"minorRevision":0},"minClientVersion":{"major":3,"minor":24102,"build":11,"revision":0,"majorRevision":0,"minorRevision":0},"backgroundColor":"rgba(255, 255, 255, 1)","backgroundImageUri":"/18435388916572660802/N76a110fe-7541-4775-8700-efdfed4ce73b-logoSmallFile","displayName":"Holiday Calendar","description":"","commitMessage":"","appUris":{"documentUri":{"value":"/18435388916572660802/N700bc417-fd2b-4bcc-89bc-d56468bef427-document.msapp"},"imageUris":[],"additionalUris":[{"isSolutionAware":false,"value":"/18435388916572660802/N1abbc9cb-16fa-4726-bd00-19bf583b0931-identity.json"}]},"createdTime":"0001-01-01T00:00:00Z","lastModifiedTime":"0001-01-01T00:00:00Z","sharedGroupsCount":0,"sharedUsersCount":0,"connectionReferences":{},"databaseReferences":{},"almMode":"Environment","performanceOptimizationEnabled":true,"canConsumeAppPass":true,"enableModernRuntimeMode":false,"executionRestrictions":{"isTeamsOnly":false,"dataLossPreventionEvaluationResult":{"status":"Compliant","lastEvaluationDate":"2022-10-02T18:40:37.4180202Z","violations":[],"violationsByPolicy":[],"violationErrorMessage":"The app uses the following connectors: shared_rss."}}},"appType":"ClassicCanvasApp","appComponents":[]}}